STRUCTURE,STRUCTURE_ID,STRUCTURE_NAME,freq,Time frequency,unit,Unit of measure,tra_meas,Traffic and transport measurement,airp_pr,Airport pairs (routes),TIME_PERIOD,Time,OBS_VALUE,Observation value,OBS_FLAG,Observation status (Flag) V2 structure,CONF_STATUS,Confidentiality status (flag)
dataflow,ESTAT:AVIA_PAR_NL(1.0),Air passenger transport routes between partner airports and main airports in the Netherlands,A,Annual,FLIGHT,Flight,CAF_PAS,Commercial passenger air flights,NL_EHAM_AE_OMAA,AMSTERDAM/SCHIPHOL airport - ABU DHABI INTERNATIONAL airport,2023,,730,,,,,
dataflow,ESTAT:AVIA_PAR_NL(1.0),Air passenger transport routes between partner airports and main airports in the Netherlands,A,Annual,FLIGHT,Flight,CAF_PAS,Commercial passenger air flights,NL_EHAM_AE_OMDB,AMSTERDAM/SCHIPHOL airport - DUBAI INTERNATIONAL airport,2023,,2777,,,,,
dataflow,ESTAT:AVIA_PAR_NL(1.0),Air passenger transport routes between partner airports and main airports in the Netherlands,A,Annual,FLIGHT,Flight,CAF_PAS,Commercial passenger air flights,NL_EHAM_AN_TNCC,AMSTERDAM/SCHIPHOL airport - CURACAO/AEROPUERTO HATO airport,2023,,1851,,,,,
dataflow,ESTAT:AVIA_PAR_NL(1.0),Air passenger transport routes between partner airports and main airports in the Netherlands,A,Annual,FLIGHT,Flight,CAF_PAS,Commercial passenger air flights,NL_EHAM_AN_TNCM,AMSTERDAM/SCHIPHOL airport - ST. MAARTEN/PRINCESS JULIANA airport,2023,,331,,,,,
dataflow,ESTAT:AVIA_PAR_NL(1.0),Air passenger transport routes between partner airports and main airports in the Netherlands,A,Annual,FLIGHT,Flight,CAF_PAS,Commercial passenger air flights,NL_EHAM_AR_SAEZ,AMSTERDAM/SCHIPHOL airport - EZEIZA MINISTRO PISTARINI (BA) airport,2023,,362,,,,,
dataflow,ESTAT:AVIA_PAR_NL(1.0),Air passenger transport routes between partner airports and main airports in the Netherlands,A,Annual,FLIGHT,Flight,CAF_PAS,Commercial passenger air flights,NL_EHAM_AT_LOWW,AMSTERDAM/SCHIPHOL airport - WIEN-SCHWECHAT airport,2023,,5328,,,,,
dataflow,ESTAT:AVIA_PAR_NL(1.0),Air passenger transport routes between partner airports and main airports in the Netherlands,A,Annual,FLIGHT,Flight,CAF_PAS,Commercial passenger air flights,NL_EHAM_AW_TNCA,AMSTERDAM/SCHIPHOL airport - ORANJESTAD/BEATRIX airport,2023,,948,,,,,
dataflow,ESTAT:AVIA_PAR_NL(1.0),Air passenger transport routes between partner airports and main airports in the Netherlands,A,Annual,FLIGHT,Flight,CAF_PAS,Commercial passenger air flights,NL_EHAM_BE_EBBR,AMSTERDAM/SCHIPHOL airport - BRUSSELS airport,2023,,2572,,,,,
dataflow,ESTAT:AVIA_PAR_NL(1.0),Air passenger transport routes between partner airports and main airports in the Netherlands,A,Annual,FLIGHT,Flight,CAF_PAS,Commercial passenger air flights,NL_EHAM_BG_LBSF,AMSTERDAM/SCHIPHOL airport - SOFIA airport,2023,,720,,,,,
dataflow,ESTAT:AVIA_PAR_NL(1.0),Air passenger transport routes between partner airports and main airports in the Netherlands,A,Annual,FLIGHT,Flight,CAF_PAS,Commercial passenger air flights,NL_EHAM_BR_SBGL,"AMSTERDAM/SCHIPHOL airport - RIO DE JANEIRO/GALEAO-ANTONIO CARLOS JOBIM, RJ airport",2023,,671,,,,,
dataflow,ESTAT:AVIA_PAR_NL(1.0),Air passenger transport routes between partner airports and main airports in the Netherlands,A,Annual,FLIGHT,Flight,CAF_PAS,Commercial passenger air flights,NL_EHAM_BR_SBGR,"AMSTERDAM/SCHIPHOL airport - SAO PAULO/GUARULHOS, GOVERNADOR ANDRE FRANCO MONTORO, SP airport",2023,,717,,,,,
dataflow,ESTAT:AVIA_PAR_NL(1.0),Air passenger transport routes between partner airports and main airports in the Netherlands,A,Annual,FLIGHT,Flight,CAF_PAS,Commercial passenger air flights,NL_EHAM_CA_CYEG,"AMSTERDAM/SCHIPHOL airport - EDMONTON INTL, AB airport",2023,,354,,,,,
dataflow,ESTAT:AVIA_PAR_NL(1.0),Air passenger transport routes between partner airports and main airports in the Netherlands,A,Annual,FLIGHT,Flight,CAF_PAS,Commercial passenger air flights,NL_EHAM_CA_CYUL,"AMSTERDAM/SCHIPHOL airport - MONTREAL/PIERRE ELLIOT TRUDEAU INTL, QC airport",2023,,749,,,,,
dataflow,ESTAT:AVIA_PAR_NL(1.0),Air passenger transport routes between partner airports and main airports in the Netherlands,A,Annual,FLIGHT,Flight,CAF_PAS,Commercial passenger air flights,NL_EHAM_CA_CYVR,"AMSTERDAM/SCHIPHOL airport - VANCOUVER INTL, BC airport",2023,,554,,,,,
dataflow,ESTAT:AVIA_PAR_NL(1.0),Air passenger transport routes between partner airports and main airports in the Netherlands,A,Annual,FLIGHT,Flight,CAF_PAS,Commercial passenger air flights,NL_EHAM_CA_CYYC,"AMSTERDAM/SCHIPHOL airport - CALGARY INTL, AB airport",2023,,779,,,,,
dataflow,ESTAT:AVIA_PAR_NL(1.0),Air passenger transport routes between partner airports and main airports in the Netherlands,A,Annual,FLIGHT,Flight,CAF_PAS,Commercial passenger air flights,NL_EHAM_CA_CYYZ,"AMSTERDAM/SCHIPHOL airport - TORONTO/LESTER B. PEARSON INTL, ON airport",2023,,1971,,,,,
dataflow,ESTAT:AVIA_PAR_NL(1.0),Air passenger transport routes between partner airports and main airports in the Netherlands,A,Annual,FLIGHT,Flight,CAF_PAS,Commercial passenger air flights,NL_EHAM_CH_LFSB,AMSTERDAM/SCHIPHOL airport - BALE-MULHOUSE airport,2023,,3409,,,,,
dataflow,ESTAT:AVIA_PAR_NL(1.0),Air passenger transport routes between partner airports and main airports in the Netherlands,A,Annual,FLIGHT,Flight,CAF_PAS,Commercial passenger air flights,NL_EHAM_CH_LSGG,AMSTERDAM/SCHIPHOL airport - GENEVA airport,2023,,5260,,,,,
dataflow,ESTAT:AVIA_PAR_NL(1.0),Air passenger transport routes between partner airports and main airports in the Netherlands,A,Annual,FLIGHT,Flight,CAF_PAS,Commercial passenger air flights,NL_EHAM_CH_LSZH,AMSTERDAM/SCHIPHOL airport - ZURICH airport,2023,,6618,,,,,
dataflow,ESTAT:AVIA_PAR_NL(1.0),Air passenger transport routes between partner airports and main airports in the Netherlands,A,Annual,FLIGHT,Flight,CAF_PAS,Commercial passenger air flights,NL_EHAM_CL_SCEL,AMSTERDAM/SCHIPHOL airport - SANTIAGO/AP ARTURO MERINO BENITEZ airport,2023,,360,,,,,
dataflow,ESTAT:AVIA_PAR_NL(1.0),Air passenger transport routes between partner airports and main airports in the Netherlands,A,Annual,FLIGHT,Flight,CAF_PAS,Commercial passenger air flights,NL_EHAM_CN_ZBAA,AMSTERDAM/SCHIPHOL airport - BEIJING/CAPITAL airport,2023,,521,,,,,
dataflow,ESTAT:AVIA_PAR_NL(1.0),Air passenger transport routes between partner airports and main airports in the Netherlands,A,Annual,FLIGHT,Flight,CAF_PAS,Commercial passenger air flights,NL_EHAM_CN_ZGGG,AMSTERDAM/SCHIPHOL airport - GUANGZHOU/BAIYUN airport,2023,,360,,,,,
dataflow,ESTAT:AVIA_PAR_NL(1.0),Air passenger transport routes between partner airports and main airports in the Netherlands,A,Annual,FLIGHT,Flight,CAF_PAS,Commercial passenger air flights,NL_EHAM_CN_ZSAM,AMSTERDAM/SCHIPHOL airport - XIAMEN/GAOQI airport,2023,,288,,,,,
dataflow,ESTAT:AVIA_PAR_NL(1.0),Air passenger transport routes between partner airports and main airports in the Netherlands,A,Annual,FLIGHT,Flight,CAF_PAS,Commercial passenger air flights,NL_EHAM_CN_ZSPD,AMSTERDAM/SCHIPHOL airport - SHANGHAI/PUDONG airport,2023,,883,,,,,
dataflow,ESTAT:AVIA_PAR_NL(1.0),Air passenger transport routes between partner airports and main airports in the Netherlands,A,Annual,FLIGHT,Flight,CAF_PAS,Commercial passenger air flights,NL_EHAM_CO_SKBO,AMSTERDAM/SCHIPHOL airport - BOGOTA INTL/CUNDINAMARCA airport,2023,,724,,,,,
dataflow,ESTAT:AVIA_PAR_NL(1.0),Air passenger transport routes between partner airports and main airports in the Netherlands,A,Annual,FLIGHT,Flight,CAF_PAS,Commercial passenger air flights,NL_EHAM_CZ_LKPR,AMSTERDAM/SCHIPHOL airport - PRAHA/RUZYNE airport,2023,,4024,,,,,
dataflow,ESTAT:AVIA_PAR_NL(1.0),Air passenger transport routes between partner airports and main airports in the Netherlands,A,Annual,FLIGHT,Flight,CAF_PAS,Commercial passenger air flights,NL_EHAM_DE_EDDB,AMSTERDAM/SCHIPHOL airport - BERLIN-BRANDENBURG airport,2023,,6134,,,,,
dataflow,ESTAT:AVIA_PAR_NL(1.0),Air passenger transport routes between partner airports and main airports in the Netherlands,A,Annual,FLIGHT,Flight,CAF_PAS,Commercial passenger air flights,NL_EHAM_DE_EDDF,AMSTERDAM/SCHIPHOL airport - FRANKFURT/MAIN airport,2023,,7193,,,,,
dataflow,ESTAT:AVIA_PAR_NL(1.0),Air passenger transport routes between partner airports and main airports in the Netherlands,A,Annual,FLIGHT,Flight,CAF_PAS,Commercial passenger air flights,NL_EHAM_DE_EDDH,AMSTERDAM/SCHIPHOL airport - HAMBURG airport,2023,,3730,,,,,
dataflow,ESTAT:AVIA_PAR_NL(1.0),Air passenger transport routes between partner airports and main airports in the Netherlands,A,Annual,FLIGHT,Flight,CAF_PAS,Commercial passenger air flights,NL_EHAM_DE_EDDL,AMSTERDAM/SCHIPHOL airport - DUESSELDORF airport,2023,,3151,,,,,
dataflow,ESTAT:AVIA_PAR_NL(1.0),Air passenger transport routes between partner airports and main airports in the Netherlands,A,Annual,FLIGHT,Flight,CAF_PAS,Commercial passenger air flights,NL_EHAM_DE_EDDM,AMSTERDAM/SCHIPHOL airport - MUENCHEN airport,2023,,7200,,,,,
dataflow,ESTAT:AVIA_PAR_NL(1.0),Air passenger transport routes between partner airports and main airports in the Netherlands,A,Annual,FLIGHT,Flight,CAF_PAS,Commercial passenger air flights,NL_EHAM_DE_EDDN,AMSTERDAM/SCHIPHOL airport - NUERNBERG airport,2023,,2220,,,,,
dataflow,ESTAT:AVIA_PAR_NL(1.0),Air passenger transport routes between partner airports and main airports in the Netherlands,A,Annual,FLIGHT,Flight,CAF_PAS,Commercial passenger air flights,NL_EHAM_DE_EDDS,AMSTERDAM/SCHIPHOL airport - STUTTGART airport,2023,,3429,,,,,
dataflow,ESTAT:AVIA_PAR_NL(1.0),Air passenger transport routes between partner airports and main airports in the Netherlands,A,Annual,FLIGHT,Flight,CAF_PAS,Commercial passenger air flights,NL_EHAM_DE_EDDV,AMSTERDAM/SCHIPHOL airport - HANNOVER airport,2023,,2263,,,,,
dataflow,ESTAT:AVIA_PAR_NL(1.0),Air passenger transport routes between partner airports and main airports in the Netherlands,A,Annual,FLIGHT,Flight,CAF_PAS,Commercial passenger air flights,NL_EHAM_DE_EDDW,AMSTERDAM/SCHIPHOL airport - BREMEN airport,2023,,2021,,,,,
dataflow,ESTAT:AVIA_PAR_NL(1.0),Air passenger transport routes between partner airports and main airports in the Netherlands,A,Annual,FLIGHT,Flight,CAF_PAS,Commercial passenger air flights,NL_EHAM_DK_EKBI,AMSTERDAM/SCHIPHOL airport - BILLUND airport,2023,,3121,,,,,
dataflow,ESTAT:AVIA_PAR_NL(1.0),Air passenger transport routes between partner airports and main airports in the Netherlands,A,Annual,FLIGHT,Flight,CAF_PAS,Commercial passenger air flights,NL_EHAM_DK_EKCH,AMSTERDAM/SCHIPHOL airport - KOBENHAVN/KASTRUP airport,2023,,9454,,,,,
dataflow,ESTAT:AVIA_PAR_NL(1.0),Air passenger transport routes between partner airports and main airports in the Netherlands,A,Annual,FLIGHT,Flight,CAF_PAS,Commercial passenger air flights,NL_EHAM_DK_EKYT,AMSTERDAM/SCHIPHOL airport - AALBORG airport,2023,,2289,,,,,
dataflow,ESTAT:AVIA_PAR_NL(1.0),Air passenger transport routes between partner airports and main airports in the Netherlands,A,Annual,FLIGHT,Flight,CAF_PAS,Commercial passenger air flights,NL_EHAM_EC_SEQM,AMSTERDAM/SCHIPHOL airport - QUITO/MARISCAL SUCRE INTL airport,2023,,628,,,,,
dataflow,ESTAT:AVIA_PAR_NL(1.0),Air passenger transport routes between partner airports and main airports in the Netherlands,A,Annual,FLIGHT,Flight,CAF_PAS,Commercial passenger air flights,NL_EHAM_EE_EETN,AMSTERDAM/SCHIPHOL airport - LENNART MERI TALLINN airport,2023,,782,,,,,
dataflow,ESTAT:AVIA_PAR_NL(1.0),Air passenger transport routes between partner airports and main airports in the Netherlands,A,Annual,FLIGHT,Flight,CAF_PAS,Commercial passenger air flights,NL_EHAM_EG_HECA,AMSTERDAM/SCHIPHOL airport - CAIRO/INTL airport,2023,,731,,,,,
dataflow,ESTAT:AVIA_PAR_NL(1.0),Air passenger transport routes between partner airports and main airports in the Netherlands,A,Annual,FLIGHT,Flight,CAF_PAS,Commercial passenger air flights,NL_EHAM_EG_HEGN,AMSTERDAM/SCHIPHOL airport - HURGHADA / INTL airport,2023,,827,,,,,
dataflow,ESTAT:AVIA_PAR_NL(1.0),Air passenger transport routes between partner airports and main airports in the Netherlands,A,Annual,FLIGHT,Flight,CAF_PAS,Commercial passenger air flights,NL_EHAM_EL_LGAV,AMSTERDAM/SCHIPHOL airport - ATHINAI/ELEFTHERIOS VENIZELOS airport,2023,,3035,,,,,
dataflow,ESTAT:AVIA_PAR_NL(1.0),Air passenger transport routes between partner airports and main airports in the Netherlands,A,Annual,FLIGHT,Flight,CAF_PAS,Commercial passenger air flights,NL_EHAM_EL_LGIR,AMSTERDAM/SCHIPHOL airport - IRAKLION/NIKOS KAZANTZAKIS airport,2023,,1376,,,,,
dataflow,ESTAT:AVIA_PAR_NL(1.0),Air passenger transport routes between partner airports and main airports in the Netherlands,A,Annual,FLIGHT,Flight,CAF_PAS,Commercial passenger air flights,NL_EHAM_EL_LGKO,AMSTERDAM/SCHIPHOL airport - KOS/IPPOKRATIS airport,2023,,803,,,,,
dataflow,ESTAT:AVIA_PAR_NL(1.0),Air passenger transport routes between partner airports and main airports in the Netherlands,A,Annual,FLIGHT,Flight,CAF_PAS,Commercial passenger air flights,NL_EHAM_EL_LGPZ,AMSTERDAM/SCHIPHOL airport - PREVEZA/AKTION airport,2023,,520,,,,,
dataflow,ESTAT:AVIA_PAR_NL(1.0),Air passenger transport routes between partner airports and main airports in the Netherlands,A,Annual,FLIGHT,Flight,CAF_PAS,Commercial passenger air flights,NL_EHAM_EL_LGRP,AMSTERDAM/SCHIPHOL airport - RODOS/DIAGORAS airport,2023,,754,,,,,
dataflow,ESTAT:AVIA_PAR_NL(1.0),Air passenger transport routes between partner airports and main airports in the Netherlands,A,Annual,FLIGHT,Flight,CAF_PAS,Commercial passenger air flights,NL_EHAM_EL_LGTS,AMSTERDAM/SCHIPHOL airport - THESSALONIKI/MAKEDONIA airport,2023,,716,,,,,
dataflow,ESTAT:AVIA_PAR_NL(1.0),Air passenger transport routes between partner airports and main airports in the Netherlands,A,Annual,FLIGHT,Flight,CAF_PAS,Commercial passenger air flights,NL_EHAM_EL_LGZA,AMSTERDAM/SCHIPHOL airport - ZAKINTHOS/DIONISIOS SOLOMOS airport,2023,,1082,,,,,
dataflow,ESTAT:AVIA_PAR_NL(1.0),Air passenger transport routes between partner airports and main airports in the Netherlands,A,Annual,FLIGHT,Flight,CAF_PAS,Commercial passenger air flights,NL_EHAM_ES_GCFV,AMSTERDAM/SCHIPHOL airport - FUERTEVENTURA airport,2023,,541,,,,,
dataflow,ESTAT:AVIA_PAR_NL(1.0),Air passenger transport routes between partner airports and main airports in the Netherlands,A,Annual,FLIGHT,Flight,CAF_PAS,Commercial passenger air flights,NL_EHAM_ES_GCLP,AMSTERDAM/SCHIPHOL airport - GRAN CANARIA airport,2023,,1845,,,,,
dataflow,ESTAT:AVIA_PAR_NL(1.0),Air passenger transport routes between partner airports and main airports in the Netherlands,A,Annual,FLIGHT,Flight,CAF_PAS,Commercial passenger air flights,NL_EHAM_ES_GCRR,AMSTERDAM/SCHIPHOL airport - LANZAROTE airport,2023,,632,,,,,
dataflow,ESTAT:AVIA_PAR_NL(1.0),Air passenger transport routes between partner airports and main airports in the Netherlands,A,Annual,FLIGHT,Flight,CAF_PAS,Commercial passenger air flights,NL_EHAM_ES_GCTS,AMSTERDAM/SCHIPHOL airport - TENERIFE SUR/REINA SOFIA airport,2023,,1466,,,,,
dataflow,ESTAT:AVIA_PAR_NL(1.0),Air passenger transport routes between partner airports and main airports in the Netherlands,A,Annual,FLIGHT,Flight,CAF_PAS,Commercial passenger air flights,NL_EHAM_ES_LEAL,AMSTERDAM/SCHIPHOL airport - ALICANTE airport,2023,,3194,,,,,
dataflow,ESTAT:AVIA_PAR_NL(1.0),Air passenger transport routes between partner airports and main airports in the Netherlands,A,Annual,FLIGHT,Flight,CAF_PAS,Commercial passenger air flights,NL_EHAM_ES_LEBB,AMSTERDAM/SCHIPHOL airport - BILBAO airport,2023,,2143,,,,,
dataflow,ESTAT:AVIA_PAR_NL(1.0),Air passenger transport routes between partner airports and main airports in the Netherlands,A,Annual,FLIGHT,Flight,CAF_PAS,Commercial passenger air flights,NL_EHAM_ES_LEBL,AMSTERDAM/SCHIPHOL airport - BARCELONA/EL PRAT airport,2023,,8896,,,,,
dataflow,ESTAT:AVIA_PAR_NL(1.0),Air passenger transport routes between partner airports and main airports in the Netherlands,A,Annual,FLIGHT,Flight,CAF_PAS,Commercial passenger air flights,NL_EHAM_ES_LEIB,AMSTERDAM/SCHIPHOL airport - IBIZA airport,2023,,2014,,,,,
dataflow,ESTAT:AVIA_PAR_NL(1.0),Air passenger transport routes between partner airports and main airports in the Netherlands,A,Annual,FLIGHT,Flight,CAF_PAS,Commercial passenger air flights,NL_EHAM_ES_LEMD,AMSTERDAM/SCHIPHOL airport - ADOLFO SUAREZ MADRID-BARAJAS airport,2023,,6135,,,,,
dataflow,ESTAT:AVIA_PAR_NL(1.0),Air passenger transport routes between partner airports and main airports in the Netherlands,A,Annual,FLIGHT,Flight,CAF_PAS,Commercial passenger air flights,NL_EHAM_ES_LEMG,AMSTERDAM/SCHIPHOL airport - MALAGA/COSTA DEL SOL airport,2023,,4591,,,,,
dataflow,ESTAT:AVIA_PAR_NL(1.0),Air passenger transport routes between partner airports and main airports in the Netherlands,A,Annual,FLIGHT,Flight,CAF_PAS,Commercial passenger air flights,NL_EHAM_ES_LEPA,AMSTERDAM/SCHIPHOL airport - PALMA DE MALLORCA airport,2023,,2274,,,,,
dataflow,ESTAT:AVIA_PAR_NL(1.0),Air passenger transport routes between partner airports and main airports in the Netherlands,A,Annual,FLIGHT,Flight,CAF_PAS,Commercial passenger air flights,NL_EHAM_ES_LEVC,AMSTERDAM/SCHIPHOL airport - VALENCIA airport,2023,,3015,,,,,
dataflow,ESTAT:AVIA_PAR_NL(1.0),Air passenger transport routes between partner airports and main airports in the Netherlands,A,Annual,FLIGHT,Flight,CAF_PAS,Commercial passenger air flights,NL_EHAM_ES_LEZL,AMSTERDAM/SCHIPHOL airport - SEVILLA airport,2023,,895,,,,,
dataflow,ESTAT:AVIA_PAR_NL(1.0),Air passenger transport routes between partner airports and main airports in the Netherlands,A,Annual,FLIGHT,Flight,CAF_PAS,Commercial passenger air flights,NL_EHAM_FI_EFHK,AMSTERDAM/SCHIPHOL airport - HELSINKI/VANTAA airport,2023,,3679,,,,,
dataflow,ESTAT:AVIA_PAR_NL(1.0),Air passenger transport routes between partner airports and main airports in the Netherlands,A,Annual,FLIGHT,Flight,CAF_PAS,Commercial passenger air flights,NL_EHAM_FR_LFBD,AMSTERDAM/SCHIPHOL airport - BORDEAUX-MERIGNAC airport,2023,,2000,,,,,
dataflow,ESTAT:AVIA_PAR_NL(1.0),Air passenger transport routes between partner airports and main airports in the Netherlands,A,Annual,FLIGHT,Flight,CAF_PAS,Commercial passenger air flights,NL_EHAM_FR_LFBO,AMSTERDAM/SCHIPHOL airport - TOULOUSE/BLAGNAC airport,2023,,2137,,,,,
dataflow,ESTAT:AVIA_PAR_NL(1.0),Air passenger transport routes between partner airports and main airports in the Netherlands,A,Annual,FLIGHT,Flight,CAF_PAS,Commercial passenger air flights,NL_EHAM_FR_LFLL,AMSTERDAM/SCHIPHOL airport - LYON SAINT-EXUPERY airport,2023,,2537,,,,,
dataflow,ESTAT:AVIA_PAR_NL(1.0),Air passenger transport routes between partner airports and main airports in the Netherlands,A,Annual,FLIGHT,Flight,CAF_PAS,Commercial passenger air flights,NL_EHAM_FR_LFML,AMSTERDAM/SCHIPHOL airport - MARSEILLE-PROVENCE airport,2023,,1958,,,,,
dataflow,ESTAT:AVIA_PAR_NL(1.0),Air passenger transport routes between partner airports and main airports in the Netherlands,A,Annual,FLIGHT,Flight,CAF_PAS,Commercial passenger air flights,NL_EHAM_FR_LFMN,AMSTERDAM/SCHIPHOL airport - NICE-COTE D'AZUR airport,2023,,3355,,,,,
dataflow,ESTAT:AVIA_PAR_NL(1.0),Air passenger transport routes between partner airports and main airports in the Netherlands,A,Annual,FLIGHT,Flight,CAF_PAS,Commercial passenger air flights,NL_EHAM_FR_LFPG,AMSTERDAM/SCHIPHOL airport - PARIS-CHARLES DE GAULLE airport,2023,,7535,,,,,
dataflow,ESTAT:AVIA_PAR_NL(1.0),Air passenger transport routes between partner airports and main airports in the Netherlands,A,Annual,FLIGHT,Flight,CAF_PAS,Commercial passenger air flights,NL_EHAM_FR_LFRS,AMSTERDAM/SCHIPHOL airport - NANTES ATLANTIQUE airport,2023,,1743,,,,,
dataflow,ESTAT:AVIA_PAR_NL(1.0),Air passenger transport routes between partner airports and main airports in the Netherlands,A,Annual,FLIGHT,Flight,CAF_PAS,Commercial passenger air flights,NL_EHAM_GH_DGAA,AMSTERDAM/SCHIPHOL airport - ACCRA/KOTOKA INTERNATIONAL airport,2023,,715,,,,,
dataflow,ESTAT:AVIA_PAR_NL(1.0),Air passenger transport routes between partner airports and main airports in the Netherlands,A,Annual,FLIGHT,Flight,CAF_PAS,Commercial passenger air flights,NL_EHAM_HK_VHHH,AMSTERDAM/SCHIPHOL airport - HONG KONG/INTERNATIONAL airport,2023,,901,,,,,
dataflow,ESTAT:AVIA_PAR_NL(1.0),Air passenger transport routes between partner airports and main airports in the Netherlands,A,Annual,FLIGHT,Flight,CAF_PAS,Commercial passenger air flights,NL_EHAM_HR_LDSP,AMSTERDAM/SCHIPHOL airport - SPLIT/KASTELA airport,2023,,1216,,,,,
dataflow,ESTAT:AVIA_PAR_NL(1.0),Air passenger transport routes between partner airports and main airports in the Netherlands,A,Annual,FLIGHT,Flight,CAF_PAS,Commercial passenger air flights,NL_EHAM_HR_LDZA,AMSTERDAM/SCHIPHOL airport - ZAGREB/FRANJO TUDJMAN airport,2023,,1955,,,,,
dataflow,ESTAT:AVIA_PAR_NL(1.0),Air passenger transport routes between partner airports and main airports in the Netherlands,A,Annual,FLIGHT,Flight,CAF_PAS,Commercial passenger air flights,NL_EHAM_HU_LHBP,AMSTERDAM/SCHIPHOL airport - BUDAPEST/LISZT FERENC INTERNATIONAL airport,2023,,2857,,,,,
dataflow,ESTAT:AVIA_PAR_NL(1.0),Air passenger transport routes between partner airports and main airports in the Netherlands,A,Annual,FLIGHT,Flight,CAF_PAS,Commercial passenger air flights,NL_EHAM_ID_WADD,AMSTERDAM/SCHIPHOL airport - BALI INTL/NGURAH RAI airport,2023,,299,,,,,
dataflow,ESTAT:AVIA_PAR_NL(1.0),Air passenger transport routes between partner airports and main airports in the Netherlands,A,Annual,FLIGHT,Flight,CAF_PAS,Commercial passenger air flights,NL_EHAM_ID_WIII,AMSTERDAM/SCHIPHOL airport - JAKARTA INTL/SOEKARNO-HATTA airport,2023,,328,,,,,
dataflow,ESTAT:AVIA_PAR_NL(1.0),Air passenger transport routes between partner airports and main airports in the Netherlands,A,Annual,FLIGHT,Flight,CAF_PAS,Commercial passenger air flights,NL_EHAM_IE_EICK,AMSTERDAM/SCHIPHOL airport - CORK airport,2023,,2031,,,,,
dataflow,ESTAT:AVIA_PAR_NL(1.0),Air passenger transport routes between partner airports and main airports in the Netherlands,A,Annual,FLIGHT,Flight,CAF_PAS,Commercial passenger air flights,NL_EHAM_IE_EIDW,AMSTERDAM/SCHIPHOL airport - DUBLIN airport,2023,,8836,,,,,
dataflow,ESTAT:AVIA_PAR_NL(1.0),Air passenger transport routes between partner airports and main airports in the Netherlands,A,Annual,FLIGHT,Flight,CAF_PAS,Commercial passenger air flights,NL_EHAM_IL_LLBG,AMSTERDAM/SCHIPHOL airport - TEL-AVIV/BEN GURION airport,2023,,2721,,,,,
dataflow,ESTAT:AVIA_PAR_NL(1.0),Air passenger transport routes between partner airports and main airports in the Netherlands,A,Annual,FLIGHT,Flight,CAF_PAS,Commercial passenger air flights,NL_EHAM_IN_VABB,AMSTERDAM/SCHIPHOL airport - MUMBAI airport,2023,,710,,,,,
dataflow,ESTAT:AVIA_PAR_NL(1.0),Air passenger transport routes between partner airports and main airports in the Netherlands,A,Annual,FLIGHT,Flight,CAF_PAS,Commercial passenger air flights,NL_EHAM_IN_VIDP,AMSTERDAM/SCHIPHOL airport - DELHI (IGI) airport,2023,,894,,,,,
dataflow,ESTAT:AVIA_PAR_NL(1.0),Air passenger transport routes between partner airports and main airports in the Netherlands,A,Annual,FLIGHT,Flight,CAF_PAS,Commercial passenger air flights,NL_EHAM_IN_VOBL,"AMSTERDAM/SCHIPHOL airport - BANGALORE INTERNATIONAL airport, DEVENAHALLI, BANGALORE airport",2023,,473,,,,,
dataflow,ESTAT:AVIA_PAR_NL(1.0),Air passenger transport routes between partner airports and main airports in the Netherlands,A,Annual,FLIGHT,Flight,CAF_PAS,Commercial passenger air flights,NL_EHAM_IS_BIKF,AMSTERDAM/SCHIPHOL airport - KEFLAVIK airport,2023,,1937,,,,,
dataflow,ESTAT:AVIA_PAR_NL(1.0),Air passenger transport routes between partner airports and main airports in the Netherlands,A,Annual,FLIGHT,Flight,CAF_PAS,Commercial passenger air flights,NL_EHAM_IT_LIBD,AMSTERDAM/SCHIPHOL airport - BARI/PALESE airport,2023,,578,,,,,
dataflow,ESTAT:AVIA_PAR_NL(1.0),Air passenger transport routes between partner airports and main airports in the Netherlands,A,Annual,FLIGHT,Flight,CAF_PAS,Commercial passenger air flights,NL_EHAM_IT_LICC,AMSTERDAM/SCHIPHOL airport - CATANIA/FONTANAROSSA airport,2023,,759,,,,,
dataflow,ESTAT:AVIA_PAR_NL(1.0),Air passenger transport routes between partner airports and main airports in the Netherlands,A,Annual,FLIGHT,Flight,CAF_PAS,Commercial passenger air flights,NL_EHAM_IT_LIMC,AMSTERDAM/SCHIPHOL airport - MILANO/MALPENSA airport,2023,,3418,,,,,
dataflow,ESTAT:AVIA_PAR_NL(1.0),Air passenger transport routes between partner airports and main airports in the Netherlands,A,Annual,FLIGHT,Flight,CAF_PAS,Commercial passenger air flights,NL_EHAM_IT_LIMF,AMSTERDAM/SCHIPHOL airport - TORINO/CASELLE airport,2023,,1176,,,,,
dataflow,ESTAT:AVIA_PAR_NL(1.0),Air passenger transport routes between partner airports and main airports in the Netherlands,A,Annual,FLIGHT,Flight,CAF_PAS,Commercial passenger air flights,NL_EHAM_IT_LIML,AMSTERDAM/SCHIPHOL airport - MILANO/LINATE airport,2023,,4660,,,,,
dataflow,ESTAT:AVIA_PAR_NL(1.0),Air passenger transport routes between partner airports and main airports in the Netherlands,A,Annual,FLIGHT,Flight,CAF_PAS,Commercial passenger air flights,NL_EHAM_IT_LIPE,AMSTERDAM/SCHIPHOL airport - BOLOGNA/BORGO PANIGALE airport,2023,,2120,,,,,
dataflow,ESTAT:AVIA_PAR_NL(1.0),Air passenger transport routes between partner airports and main airports in the Netherlands,A,Annual,FLIGHT,Flight,CAF_PAS,Commercial passenger air flights,NL_EHAM_IT_LIPX,AMSTERDAM/SCHIPHOL airport - VERONA/VILLAFRANCA airport,2023,,499,,,,,
dataflow,ESTAT:AVIA_PAR_NL(1.0),Air passenger transport routes between partner airports and main airports in the Netherlands,A,Annual,FLIGHT,Flight,CAF_PAS,Commercial passenger air flights,NL_EHAM_IT_LIPZ,AMSTERDAM/SCHIPHOL airport - VENEZIA/TESSERA airport,2023,,3068,,,,,
dataflow,ESTAT:AVIA_PAR_NL(1.0),Air passenger transport routes between partner airports and main airports in the Netherlands,A,Annual,FLIGHT,Flight,CAF_PAS,Commercial passenger air flights,NL_EHAM_IT_LIRF,AMSTERDAM/SCHIPHOL airport - ROMA/FIUMICINO airport,2023,,4940,,,,,
dataflow,ESTAT:AVIA_PAR_NL(1.0),Air passenger transport routes between partner airports and main airports in the Netherlands,A,Annual,FLIGHT,Flight,CAF_PAS,Commercial passenger air flights,NL_EHAM_IT_LIRN,AMSTERDAM/SCHIPHOL airport - NAPOLI/CAPODICHINO airport,2023,,1671,,,,,
dataflow,ESTAT:AVIA_PAR_NL(1.0),Air passenger transport routes between partner airports and main airports in the Netherlands,A,Annual,FLIGHT,Flight,CAF_PAS,Commercial passenger air flights,NL_EHAM_IT_LIRP,AMSTERDAM/SCHIPHOL airport - PISA/S. GIUSTO airport,2023,,863,,,,,
dataflow,ESTAT:AVIA_PAR_NL(1.0),Air passenger transport routes between partner airports and main airports in the Netherlands,A,Annual,FLIGHT,Flight,CAF_PAS,Commercial passenger air flights,NL_EHAM_IT_LIRQ,AMSTERDAM/SCHIPHOL airport - FIRENZE/PERETOLA airport,2023,,2652,,,,,
dataflow,ESTAT:AVIA_PAR_NL(1.0),Air passenger transport routes between partner airports and main airports in the Netherlands,A,Annual,FLIGHT,Flight,CAF_PAS,Commercial passenger air flights,NL_EHAM_JO_OJAI,AMSTERDAM/SCHIPHOL airport - AMMAN/QUEEN ALIA airport,2023,,615,,,,,
dataflow,ESTAT:AVIA_PAR_NL(1.0),Air passenger transport routes between partner airports and main airports in the Netherlands,A,Annual,FLIGHT,Flight,CAF_PAS,Commercial passenger air flights,NL_EHAM_JP_RJAA,AMSTERDAM/SCHIPHOL airport - NARITA INTL airport,2023,,441,,,,,
dataflow,ESTAT:AVIA_PAR_NL(1.0),Air passenger transport routes between partner airports and main airports in the Netherlands,A,Annual,FLIGHT,Flight,CAF_PAS,Commercial passenger air flights,NL_EHAM_KE_HKJK,AMSTERDAM/SCHIPHOL airport - NAIROBI/JOMO KENYATTA INTL. TWR/APP/NOF/MET/CIVIL AIRLINES airport,2023,,1348,,,,,
dataflow,ESTAT:AVIA_PAR_NL(1.0),Air passenger transport routes between partner airports and main airports in the Netherlands,A,Annual,FLIGHT,Flight,CAF_PAS,Commercial passenger air flights,NL_EHAM_KR_RKSI,AMSTERDAM/SCHIPHOL airport - INCHEON INTL airport,2023,,994,,,,,
dataflow,ESTAT:AVIA_PAR_NL(1.0),Air passenger transport routes between partner airports and main airports in the Netherlands,A,Annual,FLIGHT,Flight,CAF_PAS,Commercial passenger air flights,NL_EHAM_LT_EYVI,AMSTERDAM/SCHIPHOL airport - VILNIUS INTL airport,2023,,720,,,,,
dataflow,ESTAT:AVIA_PAR_NL(1.0),Air passenger transport routes between partner airports and main airports in the Netherlands,A,Annual,FLIGHT,Flight,CAF_PAS,Commercial passenger air flights,NL_EHAM_LU_ELLX,AMSTERDAM/SCHIPHOL airport - LUXEMBOURG airport,2023,,2247,,,,,
dataflow,ESTAT:AVIA_PAR_NL(1.0),Air passenger transport routes between partner airports and main airports in the Netherlands,A,Annual,FLIGHT,Flight,CAF_PAS,Commercial passenger air flights,NL_EHAM_LV_EVRA,AMSTERDAM/SCHIPHOL airport - RIGA airport,2023,,1622,,,,,
dataflow,ESTAT:AVIA_PAR_NL(1.0),Air passenger transport routes between partner airports and main airports in the Netherlands,A,Annual,FLIGHT,Flight,CAF_PAS,Commercial passenger air flights,NL_EHAM_MA_GMMN,AMSTERDAM/SCHIPHOL airport - CASABLANCA/MOHAMMED V airport,2023,,1002,,,,,
dataflow,ESTAT:AVIA_PAR_NL(1.0),Air passenger transport routes between partner airports and main airports in the Netherlands,A,Annual,FLIGHT,Flight,CAF_PAS,Commercial passenger air flights,NL_EHAM_MA_GMMX,AMSTERDAM/SCHIPHOL airport - MARRAKECH/MENARA airport,2023,,878,,,,,
dataflow,ESTAT:AVIA_PAR_NL(1.0),Air passenger transport routes between partner airports and main airports in the Netherlands,A,Annual,FLIGHT,Flight,CAF_PAS,Commercial passenger air flights,NL_EHAM_MA_GMTT,AMSTERDAM/SCHIPHOL airport - TANGER/IBN BATOUTA airport,2023,,609,,,,,
dataflow,ESTAT:AVIA_PAR_NL(1.0),Air passenger transport routes between partner airports and main airports in the Netherlands,A,Annual,FLIGHT,Flight,CAF_PAS,Commercial passenger air flights,NL_EHAM_MT_LMML,AMSTERDAM/SCHIPHOL airport - LUQA airport,2023,,670,,,,,
dataflow,ESTAT:AVIA_PAR_NL(1.0),Air passenger transport routes between partner airports and main airports in the Netherlands,A,Annual,FLIGHT,Flight,CAF_PAS,Commercial passenger air flights,NL_EHAM_MX_MMMX,AMSTERDAM/SCHIPHOL airport - MEXICO airport,2023,,1447,,,,,
dataflow,ESTAT:AVIA_PAR_NL(1.0),Air passenger transport routes between partner airports and main airports in the Netherlands,A,Annual,FLIGHT,Flight,CAF_PAS,Commercial passenger air flights,NL_EHAM_NG_DNMM,AMSTERDAM/SCHIPHOL airport - LAGOS/MURTALA MUHAMMED airport,2023,,666,,,,,
dataflow,ESTAT:AVIA_PAR_NL(1.0),Air passenger transport routes between partner airports and main airports in the Netherlands,A,Annual,FLIGHT,Flight,CAF_PAS,Commercial passenger air flights,NL_EHAM_NO_ENBR,AMSTERDAM/SCHIPHOL airport - BERGEN/FLESLAND airport,2023,,2810,,,,,
dataflow,ESTAT:AVIA_PAR_NL(1.0),Air passenger transport routes between partner airports and main airports in the Netherlands,A,Annual,FLIGHT,Flight,CAF_PAS,Commercial passenger air flights,NL_EHAM_NO_ENCN,AMSTERDAM/SCHIPHOL airport - KRISTIANSAND/KJEVIK airport,2023,,1546,,,,,
dataflow,ESTAT:AVIA_PAR_NL(1.0),Air passenger transport routes between partner airports and main airports in the Netherlands,A,Annual,FLIGHT,Flight,CAF_PAS,Commercial passenger air flights,NL_EHAM_NO_ENGM,AMSTERDAM/SCHIPHOL airport - OSLO/GARDERMOEN airport,2023,,5648,,,,,
dataflow,ESTAT:AVIA_PAR_NL(1.0),Air passenger transport routes between partner airports and main airports in the Netherlands,A,Annual,FLIGHT,Flight,CAF_PAS,Commercial passenger air flights,NL_EHAM_NO_ENTO,AMSTERDAM/SCHIPHOL airport - SANDEFJORD/TORP airport,2023,,1212,,,,,
dataflow,ESTAT:AVIA_PAR_NL(1.0),Air passenger transport routes between partner airports and main airports in the Netherlands,A,Annual,FLIGHT,Flight,CAF_PAS,Commercial passenger air flights,NL_EHAM_NO_ENVA,AMSTERDAM/SCHIPHOL airport - TRONDHEIM/VAERNES airport,2023,,1583,,,,,
dataflow,ESTAT:AVIA_PAR_NL(1.0),Air passenger transport routes between partner airports and main airports in the Netherlands,A,Annual,FLIGHT,Flight,CAF_PAS,Commercial passenger air flights,NL_EHAM_NO_ENZV,AMSTERDAM/SCHIPHOL airport - STAVANGER/SOLA airport,2023,,2966,,,,,
dataflow,ESTAT:AVIA_PAR_NL(1.0),Air passenger transport routes between partner airports and main airports in the Netherlands,A,Annual,FLIGHT,Flight,CAF_PAS,Commercial passenger air flights,NL_EHAM_PA_MPTO,AMSTERDAM/SCHIPHOL airport - PANAMA/TOCUMEN airport,2023,,706,,,,,
dataflow,ESTAT:AVIA_PAR_NL(1.0),Air passenger transport routes between partner airports and main airports in the Netherlands,A,Annual,FLIGHT,Flight,CAF_PAS,Commercial passenger air flights,NL_EHAM_PE_SPJC,AMSTERDAM/SCHIPHOL airport - LIMA-CALLAO/INTL. JORGE CHAVEZ airport,2023,,687,,,,,
dataflow,ESTAT:AVIA_PAR_NL(1.0),Air passenger transport routes between partner airports and main airports in the Netherlands,A,Annual,FLIGHT,Flight,CAF_PAS,Commercial passenger air flights,NL_EHAM_PH_RPLL,AMSTERDAM/SCHIPHOL airport - MANILA/NINOY AQUINO INTL airport,2023,,257,,,,,
dataflow,ESTAT:AVIA_PAR_NL(1.0),Air passenger transport routes between partner airports and main airports in the Netherlands,A,Annual,FLIGHT,Flight,CAF_PAS,Commercial passenger air flights,NL_EHAM_PL_EPGD,AMSTERDAM/SCHIPHOL airport - GDANSK IM LECHA WALESY airport,2023,,1980,,,,,
dataflow,ESTAT:AVIA_PAR_NL(1.0),Air passenger transport routes between partner airports and main airports in the Netherlands,A,Annual,FLIGHT,Flight,CAF_PAS,Commercial passenger air flights,NL_EHAM_PL_EPKK,AMSTERDAM/SCHIPHOL airport - KRAKOW/BALICE airport,2023,,2003,,,,,
dataflow,ESTAT:AVIA_PAR_NL(1.0),Air passenger transport routes between partner airports and main airports in the Netherlands,A,Annual,FLIGHT,Flight,CAF_PAS,Commercial passenger air flights,NL_EHAM_PL_EPWA,AMSTERDAM/SCHIPHOL airport - WARSZAWA/CHOPINA airport,2023,,5161,,,,,
dataflow,ESTAT:AVIA_PAR_NL(1.0),Air passenger transport routes between partner airports and main airports in the Netherlands,A,Annual,FLIGHT,Flight,CAF_PAS,Commercial passenger air flights,NL_EHAM_PT_LPFR,AMSTERDAM/SCHIPHOL airport - FARO airport,2023,,1539,,,,,
dataflow,ESTAT:AVIA_PAR_NL(1.0),Air passenger transport routes between partner airports and main airports in the Netherlands,A,Annual,FLIGHT,Flight,CAF_PAS,Commercial passenger air flights,NL_EHAM_PT_LPMA,AMSTERDAM/SCHIPHOL airport - MADEIRA airport,2023,,595,,,,,
dataflow,ESTAT:AVIA_PAR_NL(1.0),Air passenger transport routes between partner airports and main airports in the Netherlands,A,Annual,FLIGHT,Flight,CAF_PAS,Commercial passenger air flights,NL_EHAM_PT_LPPR,AMSTERDAM/SCHIPHOL airport - PORTO airport,2023,,2468,,,,,
dataflow,ESTAT:AVIA_PAR_NL(1.0),Air passenger transport routes between partner airports and main airports in the Netherlands,A,Annual,FLIGHT,Flight,CAF_PAS,Commercial passenger air flights,NL_EHAM_PT_LPPT,AMSTERDAM/SCHIPHOL airport - LISBOA airport,2023,,6613,,,,,
dataflow,ESTAT:AVIA_PAR_NL(1.0),Air passenger transport routes between partner airports and main airports in the Netherlands,A,Annual,FLIGHT,Flight,CAF_PAS,Commercial passenger air flights,NL_EHAM_QA_OTHH,AMSTERDAM/SCHIPHOL airport - HAMAD INTERNATIONAL airport,2023,,958,,,,,
dataflow,ESTAT:AVIA_PAR_NL(1.0),Air passenger transport routes between partner airports and main airports in the Netherlands,A,Annual,FLIGHT,Flight,CAF_PAS,Commercial passenger air flights,NL_EHAM_RO_LROP,AMSTERDAM/SCHIPHOL airport - BUCURESTI/HENRI COANDA airport,2023,,3140,,,,,
dataflow,ESTAT:AVIA_PAR_NL(1.0),Air passenger transport routes between partner airports and main airports in the Netherlands,A,Annual,FLIGHT,Flight,CAF_PAS,Commercial passenger air flights,NL_EHAM_RS_LYBE,AMSTERDAM/SCHIPHOL airport - BEOGRAD/NIKOLA TESLA airport,2023,,2068,,,,,
dataflow,ESTAT:AVIA_PAR_NL(1.0),Air passenger transport routes between partner airports and main airports in the Netherlands,A,Annual,FLIGHT,Flight,CAF_PAS,Commercial passenger air flights,NL_EHAM_RW_HRYR,AMSTERDAM/SCHIPHOL airport - KIGALI INTERNATIONAL airport,2023,,526,,,,,
dataflow,ESTAT:AVIA_PAR_NL(1.0),Air passenger transport routes between partner airports and main airports in the Netherlands,A,Annual,FLIGHT,Flight,CAF_PAS,Commercial passenger air flights,NL_EHAM_SA_OEJN,AMSTERDAM/SCHIPHOL airport - JEDDAH/KING ABDULAZIZ INTERNATIONAL airport,2023,,416,,,,,
dataflow,ESTAT:AVIA_PAR_NL(1.0),Air passenger transport routes between partner airports and main airports in the Netherlands,A,Annual,FLIGHT,Flight,CAF_PAS,Commercial passenger air flights,NL_EHAM_SA_OERK,AMSTERDAM/SCHIPHOL airport - RIYADH/KING KHALED INTERNATIONAL airport,2023,,567,,,,,
dataflow,ESTAT:AVIA_PAR_NL(1.0),Air passenger transport routes between partner airports and main airports in the Netherlands,A,Annual,FLIGHT,Flight,CAF_PAS,Commercial passenger air flights,NL_EHAM_SE_ESGG,AMSTERDAM/SCHIPHOL airport - GOTEBORG/LANDVETTER airport,2023,,2979,,,,,
dataflow,ESTAT:AVIA_PAR_NL(1.0),Air passenger transport routes between partner airports and main airports in the Netherlands,A,Annual,FLIGHT,Flight,CAF_PAS,Commercial passenger air flights,NL_EHAM_SE_ESSA,AMSTERDAM/SCHIPHOL airport - STOCKHOLM/ARLANDA airport,2023,,5737,,,,,
dataflow,ESTAT:AVIA_PAR_NL(1.0),Air passenger transport routes between partner airports and main airports in the Netherlands,A,Annual,FLIGHT,Flight,CAF_PAS,Commercial passenger air flights,NL_EHAM_SE_ESSL,AMSTERDAM/SCHIPHOL airport - LINKOPING/SAAB airport,2023,,1621,,,,,
dataflow,ESTAT:AVIA_PAR_NL(1.0),Air passenger transport routes between partner airports and main airports in the Netherlands,A,Annual,FLIGHT,Flight,CAF_PAS,Commercial passenger air flights,NL_EHAM_SG_WSSS,AMSTERDAM/SCHIPHOL airport - SINGAPORE/CHANGI airport,2023,,1094,,,,,
dataflow,ESTAT:AVIA_PAR_NL(1.0),Air passenger transport routes between partner airports and main airports in the Netherlands,A,Annual,FLIGHT,Flight,CAF_PAS,Commercial passenger air flights,NL_EHAM_SR_SMJP,AMSTERDAM/SCHIPHOL airport - JOHAN ADOLF PENGEL airport,2023,,931,,,,,
dataflow,ESTAT:AVIA_PAR_NL(1.0),Air passenger transport routes between partner airports and main airports in the Netherlands,A,Annual,FLIGHT,Flight,CAF_PAS,Commercial passenger air flights,NL_EHAM_TH_VTBS,AMSTERDAM/SCHIPHOL airport - BANGKOK/SUVARNABHUMI INTL airport,2023,,801,,,,,
dataflow,ESTAT:AVIA_PAR_NL(1.0),Air passenger transport routes between partner airports and main airports in the Netherlands,A,Annual,FLIGHT,Flight,CAF_PAS,Commercial passenger air flights,NL_EHAM_TR_LTAI,AMSTERDAM/SCHIPHOL airport - ANTALYA (MIL-CIV) airport,2023,,1691,,,,,
dataflow,ESTAT:AVIA_PAR_NL(1.0),Air passenger transport routes between partner airports and main airports in the Netherlands,A,Annual,FLIGHT,Flight,CAF_PAS,Commercial passenger air flights,NL_EHAM_TR_LTBJ,AMSTERDAM/SCHIPHOL airport - IZMIR/ADNAN MENDERES airport,2023,,850,,,,,
dataflow,ESTAT:AVIA_PAR_NL(1.0),Air passenger transport routes between partner airports and main airports in the Netherlands,A,Annual,FLIGHT,Flight,CAF_PAS,Commercial passenger air flights,NL_EHAM_TR_LTFJ,AMSTERDAM/SCHIPHOL airport - ISTANBUL/SABIHA GOKCEN airport,2023,,3091,,,,,
dataflow,ESTAT:AVIA_PAR_NL(1.0),Air passenger transport routes between partner airports and main airports in the Netherlands,A,Annual,FLIGHT,Flight,CAF_PAS,Commercial passenger air flights,NL_EHAM_TR_LTFM,AMSTERDAM/SCHIPHOL airport - ISTANBUL/ISTANBUL HAVALIMANI airport,2023,,3569,,,,,
dataflow,ESTAT:AVIA_PAR_NL(1.0),Air passenger transport routes between partner airports and main airports in the Netherlands,A,Annual,FLIGHT,Flight,CAF_PAS,Commercial passenger air flights,NL_EHAM_TW_RCTP,AMSTERDAM/SCHIPHOL airport - TAIBEI CITY/TAIBEI INTL AP airport,2023,,703,,,,,
dataflow,ESTAT:AVIA_PAR_NL(1.0),Air passenger transport routes between partner airports and main airports in the Netherlands,A,Annual,FLIGHT,Flight,CAF_PAS,Commercial passenger air flights,NL_EHAM_TZ_HTKJ,"AMSTERDAM/SCHIPHOL airport - KILIMANJARO APP, TWR, AIS, MET, CIVIL AIRLINES airport",2023,,571,,,,,
dataflow,ESTAT:AVIA_PAR_NL(1.0),Air passenger transport routes between partner airports and main airports in the Netherlands,A,Annual,FLIGHT,Flight,CAF_PAS,Commercial passenger air flights,NL_EHAM_UK_EGBB,AMSTERDAM/SCHIPHOL airport - BIRMINGHAM airport,2023,,4012,,,,,
dataflow,ESTAT:AVIA_PAR_NL(1.0),Air passenger transport routes between partner airports and main airports in the Netherlands,A,Annual,FLIGHT,Flight,CAF_PAS,Commercial passenger air flights,NL_EHAM_UK_EGCC,AMSTERDAM/SCHIPHOL airport - MANCHESTER airport,2023,,6767,,,,,
dataflow,ESTAT:AVIA_PAR_NL(1.0),Air passenger transport routes between partner airports and main airports in the Netherlands,A,Annual,FLIGHT,Flight,CAF_PAS,Commercial passenger air flights,NL_EHAM_UK_EGFF,AMSTERDAM/SCHIPHOL airport - CARDIFF airport,2023,,1784,,,,,
dataflow,ESTAT:AVIA_PAR_NL(1.0),Air passenger transport routes between partner airports and main airports in the Netherlands,A,Annual,FLIGHT,Flight,CAF_PAS,Commercial passenger air flights,NL_EHAM_UK_EGGD,AMSTERDAM/SCHIPHOL airport - BRISTOL airport,2023,,4416,,,,,
dataflow,ESTAT:AVIA_PAR_NL(1.0),Air passenger transport routes between partner airports and main airports in the Netherlands,A,Annual,FLIGHT,Flight,CAF_PAS,Commercial passenger air flights,NL_EHAM_UK_EGGP,AMSTERDAM/SCHIPHOL airport - LIVERPOOL airport,2023,,720,,,,,
dataflow,ESTAT:AVIA_PAR_NL(1.0),Air passenger transport routes between partner airports and main airports in the Netherlands,A,Annual,FLIGHT,Flight,CAF_PAS,Commercial passenger air flights,NL_EHAM_UK_EGGW,AMSTERDAM/SCHIPHOL airport - LONDON LUTON airport,2023,,3985,,,,,
dataflow,ESTAT:AVIA_PAR_NL(1.0),Air passenger transport routes between partner airports and main airports in the Netherlands,A,Annual,FLIGHT,Flight,CAF_PAS,Commercial passenger air flights,NL_EHAM_UK_EGHI,AMSTERDAM/SCHIPHOL airport - SOUTHAMPTON airport,2023,,1281,,,,,
dataflow,ESTAT:AVIA_PAR_NL(1.0),Air passenger transport routes between partner airports and main airports in the Netherlands,A,Annual,FLIGHT,Flight,CAF_PAS,Commercial passenger air flights,NL_EHAM_UK_EGKK,AMSTERDAM/SCHIPHOL airport - LONDON GATWICK airport,2023,,5892,,,,,
dataflow,ESTAT:AVIA_PAR_NL(1.0),Air passenger transport routes between partner airports and main airports in the Netherlands,A,Annual,FLIGHT,Flight,CAF_PAS,Commercial passenger air flights,NL_EHAM_UK_EGLC,AMSTERDAM/SCHIPHOL airport - LONDON/CITY airport,2023,,7322,,,,,
dataflow,ESTAT:AVIA_PAR_NL(1.0),Air passenger transport routes between partner airports and main airports in the Netherlands,A,Annual,FLIGHT,Flight,CAF_PAS,Commercial passenger air flights,NL_EHAM_UK_EGLL,AMSTERDAM/SCHIPHOL airport - LONDON HEATHROW airport,2023,,10851,,,,,
dataflow,ESTAT:AVIA_PAR_NL(1.0),Air passenger transport routes between partner airports and main airports in the Netherlands,A,Annual,FLIGHT,Flight,CAF_PAS,Commercial passenger air flights,NL_EHAM_UK_EGNJ,AMSTERDAM/SCHIPHOL airport - HUMBERSIDE airport,2023,,1576,,,,,
dataflow,ESTAT:AVIA_PAR_NL(1.0),Air passenger transport routes between partner airports and main airports in the Netherlands,A,Annual,FLIGHT,Flight,CAF_PAS,Commercial passenger air flights,NL_EHAM_UK_EGNM,AMSTERDAM/SCHIPHOL airport - LEEDS BRADFORD airport,2023,,2029,,,,,
dataflow,ESTAT:AVIA_PAR_NL(1.0),Air passenger transport routes between partner airports and main airports in the Netherlands,A,Annual,FLIGHT,Flight,CAF_PAS,Commercial passenger air flights,NL_EHAM_UK_EGNT,AMSTERDAM/SCHIPHOL airport - NEWCASTLE airport,2023,,2620,,,,,
dataflow,ESTAT:AVIA_PAR_NL(1.0),Air passenger transport routes between partner airports and main airports in the Netherlands,A,Annual,FLIGHT,Flight,CAF_PAS,Commercial passenger air flights,NL_EHAM_UK_EGNV,AMSTERDAM/SCHIPHOL airport - DURHAM TEES VALLEY airport,2023,,1511,,,,,
dataflow,ESTAT:AVIA_PAR_NL(1.0),Air passenger transport routes between partner airports and main airports in the Netherlands,A,Annual,FLIGHT,Flight,CAF_PAS,Commercial passenger air flights,NL_EHAM_UK_EGPD,AMSTERDAM/SCHIPHOL airport - ABERDEEN/DYCE airport,2023,,2924,,,,,
dataflow,ESTAT:AVIA_PAR_NL(1.0),Air passenger transport routes between partner airports and main airports in the Netherlands,A,Annual,FLIGHT,Flight,CAF_PAS,Commercial passenger air flights,NL_EHAM_UK_EGPE,AMSTERDAM/SCHIPHOL airport - INVERNESS airport,2023,,1105,,,,,
dataflow,ESTAT:AVIA_PAR_NL(1.0),Air passenger transport routes between partner airports and main airports in the Netherlands,A,Annual,FLIGHT,Flight,CAF_PAS,Commercial passenger air flights,NL_EHAM_UK_EGPF,AMSTERDAM/SCHIPHOL airport - GLASGOW airport,2023,,3040,,,,,
dataflow,ESTAT:AVIA_PAR_NL(1.0),Air passenger transport routes between partner airports and main airports in the Netherlands,A,Annual,FLIGHT,Flight,CAF_PAS,Commercial passenger air flights,NL_EHAM_UK_EGPH,AMSTERDAM/SCHIPHOL airport - EDINBURGH airport,2023,,4133,,,,,
dataflow,ESTAT:AVIA_PAR_NL(1.0),Air passenger transport routes between partner airports and main airports in the Netherlands,A,Annual,FLIGHT,Flight,CAF_PAS,Commercial passenger air flights,NL_EHAM_UK_EGSH,AMSTERDAM/SCHIPHOL airport - NORWICH airport,2023,,2213,,,,,
dataflow,ESTAT:AVIA_PAR_NL(1.0),Air passenger transport routes between partner airports and main airports in the Netherlands,A,Annual,FLIGHT,Flight,CAF_PAS,Commercial passenger air flights,NL_EHAM_UK_EGSS,AMSTERDAM/SCHIPHOL airport - LONDON STANSTED airport,2023,,1255,,,,,
dataflow,ESTAT:AVIA_PAR_NL(1.0),Air passenger transport routes between partner airports and main airports in the Netherlands,A,Annual,FLIGHT,Flight,CAF_PAS,Commercial passenger air flights,NL_EHAM_US_KATL,"AMSTERDAM/SCHIPHOL airport - HARTSFIELD - JACKSON ATLANTA INTERNATIONAL, GA. airport",2023,,2872,,,,,
dataflow,ESTAT:AVIA_PAR_NL(1.0),Air passenger transport routes between partner airports and main airports in the Netherlands,A,Annual,FLIGHT,Flight,CAF_PAS,Commercial passenger air flights,NL_EHAM_US_KBOS,"AMSTERDAM/SCHIPHOL airport - BOSTON/GENERAL EDWARD LAWRENCE LOGAN INTERNATIONAL, MA. airport",2023,,1701,,,,,
dataflow,ESTAT:AVIA_PAR_NL(1.0),Air passenger transport routes between partner airports and main airports in the Netherlands,A,Annual,FLIGHT,Flight,CAF_PAS,Commercial passenger air flights,NL_EHAM_US_KDTW,"AMSTERDAM/SCHIPHOL airport - DETROIT METROPOLITAN WAYNE COUNTY, MI. airport",2023,,2164,,,,,
dataflow,ESTAT:AVIA_PAR_NL(1.0),Air passenger transport routes between partner airports and main airports in the Netherlands,A,Annual,FLIGHT,Flight,CAF_PAS,Commercial passenger air flights,NL_EHAM_US_KEWR,"AMSTERDAM/SCHIPHOL airport - NEWARK LIBERTY INTERNATIONAL, NJ. airport",2023,,729,,,,,
dataflow,ESTAT:AVIA_PAR_NL(1.0),Air passenger transport routes between partner airports and main airports in the Netherlands,A,Annual,FLIGHT,Flight,CAF_PAS,Commercial passenger air flights,NL_EHAM_US_KIAD,"AMSTERDAM/SCHIPHOL airport - WASHINGTON DULLES INTERNATIONAL, DC. airport",2023,,1157,,,,,
dataflow,ESTAT:AVIA_PAR_NL(1.0),Air passenger transport routes between partner airports and main airports in the Netherlands,A,Annual,FLIGHT,Flight,CAF_PAS,Commercial passenger air flights,NL_EHAM_US_KIAH,"AMSTERDAM/SCHIPHOL airport - GEORGE BUSH INTERCONTINENTAL/HOUSTON, TX. airport",2023,,1366,,,,,
dataflow,ESTAT:AVIA_PAR_NL(1.0),Air passenger transport routes between partner airports and main airports in the Netherlands,A,Annual,FLIGHT,Flight,CAF_PAS,Commercial passenger air flights,NL_EHAM_US_KJFK,"AMSTERDAM/SCHIPHOL airport - NEW YORK/JOHN F. KENNEDY INTERNATIONAL, NY. airport",2023,,3381,,,,,
dataflow,ESTAT:AVIA_PAR_NL(1.0),Air passenger transport routes between partner airports and main airports in the Netherlands,A,Annual,FLIGHT,Flight,CAF_PAS,Commercial passenger air flights,NL_EHAM_US_KLAS,"AMSTERDAM/SCHIPHOL airport - LAS VEGAS/MCCARRAN INTERNATIONAL, NV. airport",2023,,421,,,,,
dataflow,ESTAT:AVIA_PAR_NL(1.0),Air passenger transport routes between partner airports and main airports in the Netherlands,A,Annual,FLIGHT,Flight,CAF_PAS,Commercial passenger air flights,NL_EHAM_US_KLAX,"AMSTERDAM/SCHIPHOL airport - LOS ANGELES INTERNATIONAL, CA. airport",2023,,1029,,,,,
dataflow,ESTAT:AVIA_PAR_NL(1.0),Air passenger transport routes between partner airports and main airports in the Netherlands,A,Annual,FLIGHT,Flight,CAF_PAS,Commercial passenger air flights,NL_EHAM_US_KMSP,"AMSTERDAM/SCHIPHOL airport - MINNEAPOLIS-ST. PAUL INTERNATIONAL (WOLD CHAMBERLAIN), MN. airport",2023,,2073,,,,,
dataflow,ESTAT:AVIA_PAR_NL(1.0),Air passenger transport routes between partner airports and main airports in the Netherlands,A,Annual,FLIGHT,Flight,CAF_PAS,Commercial passenger air flights,NL_EHAM_US_KORD,"AMSTERDAM/SCHIPHOL airport - CHICAGO - O'HARE INTERNATIONAL, IL. airport",2023,,1306,,,,,
dataflow,ESTAT:AVIA_PAR_NL(1.0),Air passenger transport routes between partner airports and main airports in the Netherlands,A,Annual,FLIGHT,Flight,CAF_PAS,Commercial passenger air flights,NL_EHAM_US_KPDX,"AMSTERDAM/SCHIPHOL airport - PORTLAND INTERNATIONAL, OR. airport",2023,,719,,,,,
dataflow,ESTAT:AVIA_PAR_NL(1.0),Air passenger transport routes between partner airports and main airports in the Netherlands,A,Annual,FLIGHT,Flight,CAF_PAS,Commercial passenger air flights,NL_EHAM_US_KPHL,"AMSTERDAM/SCHIPHOL airport - PHILADELPHIA INTERNATIONAL, PA. airport",2023,,687,,,,,
dataflow,ESTAT:AVIA_PAR_NL(1.0),Air passenger transport routes between partner airports and main airports in the Netherlands,A,Annual,FLIGHT,Flight,CAF_PAS,Commercial passenger air flights,NL_EHAM_US_KSEA,"AMSTERDAM/SCHIPHOL airport - SEATTLE/SEATTLE-TACOMA INTERNATIONAL, WA. airport",2023,,1154,,,,,
dataflow,ESTAT:AVIA_PAR_NL(1.0),Air passenger transport routes between partner airports and main airports in the Netherlands,A,Annual,FLIGHT,Flight,CAF_PAS,Commercial passenger air flights,NL_EHAM_US_KSFO,"AMSTERDAM/SCHIPHOL airport - SAN FRANCISCO/INTL,CA. airport",2023,,1065,,,,,
dataflow,ESTAT:AVIA_PAR_NL(1.0),Air passenger transport routes between partner airports and main airports in the Netherlands,A,Annual,FLIGHT,Flight,CAF_PAS,Commercial passenger air flights,NL_EHAM_US_KSLC,"AMSTERDAM/SCHIPHOL airport - SALT LAKE CITY INTERNATIONAL, UT. airport",2023,,916,,,,,
dataflow,ESTAT:AVIA_PAR_NL(1.0),Air passenger transport routes between partner airports and main airports in the Netherlands,A,Annual,FLIGHT,Flight,CAF_PAS,Commercial passenger air flights,NL_EHAM_ZA_FACT,AMSTERDAM/SCHIPHOL airport - CAPE TOWN (CAPE TOWN INTERNATIONAL airport) airport,2023,,780,,,,,
dataflow,ESTAT:AVIA_PAR_NL(1.0),Air passenger transport routes between partner airports and main airports in the Netherlands,A,Annual,FLIGHT,Flight,CAF_PAS,Commercial passenger air flights,NL_EHAM_ZA_FAOR,AMSTERDAM/SCHIPHOL airport - OLIFANTS RIVER BRIDGE airport,2023,,727,,,,,
